"country","male_emigrants","female_emigrants","total_emigrants","male_percent_emigrants","female_percent_emigrants","male_immigrants","female_immigrants","total_immigrants","male_percent_immigrants","female_percent_immigrants","Remittances","labourforce_female","labourforce_male","Inheritance_law","Violence_against_women_law","Violence_against_women_attitudes","percentage_violence","FGM_law","Citizenship_rights","Inequality_voting_rights","percentage_women_parliament","Insecurity_feeling","Access_to_justice","Child_marriage_law","Girls_married","total"
"Afghanistan",2728785,2392174,5120959,53.2866012010641,46.7133987989359,74974,74788,149762,50.0620985296671,49.9379014703329,"4.3829370302392006",23.0993640510176,76.9006359489824,0.75,0.75,80.2,60.8,1,0,0.25,27.7,62,0.75,1,35,8.21941796236586
"Albania",619182,587910,1207092,51.2953445139227,48.7046554860773,25054,24106,49160,50.9641985353946,49.0358014646054,"9.56257905392494",43.942236030046,56.057763969954,0.25,0.5,29.8,24.6,1,0,0,27.9,70.2,0,0.5,7.2,4.29628119659207
"Algeria",1041695,903340,1945035,53.5566198037567,46.4433801962433,131596,117479,249075,52.8338853758908,47.1661146241092,"1.0396842731820157",19.3455945980372,80.6544054019628,1,0.5,48.2,63.5,1,1,0.25,25.8,58.6,0.75,0.5,3.1,7.38733467315923
"Angola",325565,336037,661602,49.2085876403034,50.7914123596966,341719,327760,669479,51.042527099431,48.957472900569,"0.00497116967790612",49.8228183702489,50.1771816297511,0.5,0.75,25.2,34.8,1,0,0.25,30.5,52.4,0.25,0.5,24.7,5.28241850569128
"Argentina",490127,523362,1013489,48.3603670094101,51.6396329905899,1018573,1194306,2212879,46.0293129448108,53.9706870551892,"0.12538082984771184",42.3760560305369,57.6239439694631,0,0.75,11.6,28,1,0,0,38.9,61.3,0,0.5,12.9,4.31427588996655
"Armenia",517302,447562,964864,53.613980830459,46.386019169541,78001,112158,190159,41.0188316093374,58.9811683906626,"11.21892040004801",51.9425229201123,48.0574770798877,0.25,0.75,10.1,8.2,1,0,0.25,18.1,58.9,0.25,0.5,4.8,3.7895825812399
"Australia",277461,299877,577338,48.0586762000769,51.9413237999231,3744438,3804832,7549270,49.6000010597051,50.3999989402949,"0.12660611383273679",46.9447188016382,53.0552811983618,0,0.75,3.2,16.9,0,0,0.5,28.7,78,0,0.5,0.6,2.86656994828589
"Austria",268094,307917,576011,46.5432083762289,53.4567916237711,873536,906321,1779857,49.0789990431816,50.9210009568184,"0.67384525095575076",46.7049517461732,53.2950482538268,0,0.25,3,13,0,0,0.5,34.4,50.9,0,0.5,2.8,1.71821032875222
"Azerbaijan",622051,533816,1155867,53.8168318673342,46.1831681326658,121640,132247,253887,47.9110785506938,52.0889214493062,"2.6469932465702586",49.7891364483963,50.2108635516037,0,0.75,28,13.5,1,0,0.25,16.8,66.7,0.25,0.5,9,4.14070332643561
"Bangladesh",5216213,2619167,7835380,66.572559339815,33.427440660185,1124293,1061320,2185613,51.4406255819306,48.5593744180694,"5.22831662185425",32.0089038875019,67.9910961124981,1,0.75,28.3,53.3,1,0.75,0.25,20.3,66.9,0.75,0.5,45.2,7.93190596174024
"Barbados",52107,60873,112980,46.1205523101434,53.8794476898566,15638,19169,34807,44.927744419226,55.072255580774,"0",49.9732309853083,50.0267690146917,0,0.75,3.3,33.2,1,0.75,0.5,16.7,55.4,0,0.5,0,4.15448898525907
"Belarus",629785,851053,1480838,42.5289599537559,57.4710400462441,489770,579625,1069395,45.7987927753543,54.2012072246457,"2.2027756117510231",49.9657314686907,50.0342685313093,0,0.75,4.1,25,1,0,0.5,34.5,67.9,0.25,0.5,8.4,4.34912846790618
"Belgium",277126,304687,581813,47.6314554676503,52.3685445323497,979191,1002728,1981919,49.4062068126901,50.5937931873099,"2.3011169655666395",46.775155191018,53.224844808982,0,0.5,2,24,0,0,0,38,73.4,0,0.5,2.2,2.76589905455665
"Belize",28354,39797,68151,41.6046719784009,58.3953280215991,30180,29818,59998,50.3016767225574,49.6983232774426,"4.0064866591552493",38.0516442485042,61.9483557514958,0,0.75,5.2,29,1,0,0.5,9.4,68.4,0,0.5,17.5,3.85131484634326
"Benin",358733,307634,666367,53.8341484497282,46.1658515502718,183593,206519,390112,47.0616130752194,52.9383869247806,"1.5077673354185519",45.3106076485602,54.6893923514398,0.5,0.5,36,68.6,0.25,0.75,0.5,7.2,46.9,0.25,0.5,16.6,4.91129937698097
"Bhutan",25248,23985,49233,51.2826762537323,48.7173237462677,45220,8034,53254,84.9138092913208,15.0861907086792,"2.2344805072405407",40.2772524036434,59.7227475963566,0,0.5,68.4,26.5,1,0,0.5,8.5,69,0,0.25,16.3,4.19515781772155
"Bolivia",416061,462167,878228,47.3750552248391,52.6249447751609,81818,74296,156114,52.4091369127689,47.5908630872311,"3.2659485340946404",43.0300142187706,56.9699857812294,0.25,0.25,16.1,64.1,1,0,0.25,53.1,63.9,0.25,0.5,12,5.17587344666186
"Bosnia_and_Herzegovina",801762,851434,1653196,48.4976977926392,51.5023022073608,17017,18718,35735,47.6199804113614,52.3800195886386,"11.545961707728173",40.1958881196064,59.8041118803936,0.25,0.5,4.8,13.1,1,0,0.25,21.4,56.7,0.25,0.5,0.7,3.39107054685519
"Botswana",51059,35445,86504,59.0250161842227,40.9749838157773,62943,47653,110596,56.9125465658794,43.0874534341206,"0.35553639979103385",47.0598079579098,52.9401920420902,0.25,0.75,54.8,13.1,0,0.25,0.5,9.5,71.1,0.75,0.5,7.1,4.45869512100827
"Brazil",737992,1007462,1745454,42.2808048794182,57.7191951205818,435661,371345,807006,53.9848526528923,46.0151473471077,"0.17155103494284504",43.7362183623331,56.2637816376669,0,0.25,8.5,33.5,1,0,0.25,10.7,66.9,0,0.75,15.4,3.51263917961829
"Bulgaria",666516,875415,1541931,43.2260587536018,56.7739412463982,82718,85798,168516,49.0861401884688,50.9138598115312,"3.3988830479249845",46.1811217578017,53.8188782421983,0,0.75,18.2,23,1,0,0.5,23.8,64.2,0,0.5,1.5,3.83432628591924
"Burkina_Faso",884065,697025,1581090,55.9149068047992,44.0850931952008,341830,376508,718338,47.5862337785277,52.4137662214723,"2.8881639389211582",45.1063369933415,54.8936630066585,0.25,0.75,43.5,11.5,0.25,0,0,11,38.2,0,1,32.4,3.86474036521938
"Burundi",306332,317700,624032,49.0891492743962,50.9108507256038,158163,162855,321018,49.2691998579519,50.7308001420481,"0",51.797460176617,48.202539823383,1,0.5,72.9,46.7,0,1,0,36.4,61,0.25,0.5,9.9,6.40578401677782
"Cabo_Verde",83574,102798,186372,44.8425729186788,55.1574270813212,7922,7742,15664,50.5745658835546,49.4254341164454,"10.892130482151989",44.5642994720925,55.4357005279075,0,0.5,17.3,12.6,1,0,0.25,23.6,55.3,0.25,0.5,10.6,3.55675486264519
"Cambodia",509405,588570,1097975,46.3949543477766,53.6050456522234,42379,36270,78649,53.8837111724243,46.1162888275757,"5.62809759609692",47.0174772718352,52.9825227281648,0.25,0.5,50.4,20.9,1,0.25,0.5,20.3,71.1,0.75,0.5,16.6,5.62412536505746
"Cameroon",188962,194140,383102,49.3242008655658,50.6757991344342,250177,255515,505692,49.4722083798043,50.5277916201957,"0.89624876853819624",47.2210153120101,52.7789846879899,0.25,0.75,36.1,51.1,0.5,0.75,0.25,31.1,57.2,0.25,1,22.3,6.30057436302462
"Canada",510314,812773,1323087,38.5699504265404,61.4300495734596,3786190,4174467,7960657,47.5612754072936,52.4387245927064,"0.075302596993212872",47.2984284557854,52.7015715442146,0,0.25,7.8,1.9,0.25,0,0.5,27,80.4,0,0.75,1.7,2.55519921971445
"Central_African_Republic",385710,382179,767889,50.229916042553,49.770083957447,48004,42645,90649,52.9559068494964,47.0440931505036,"0",45.2395676170087,54.7604323829913,0.25,0.25,79.6,29.8,0.25,1,0.5,8.6,54.9,0.25,0.5,60.9,5.74634103899437
"Chad",111901,94505,206406,54.2140247861012,45.7859752138988,236334,275896,512230,46.1382582043223,53.8617417956777,"0",40.7810071498273,59.2189928501727,0.5,0.75,73.5,28.6,0.25,0,0.25,12.8,36,0.75,0.5,40.5,5.30013567835557
"Chile",305869,344386,650255,47.0383157376721,52.9616842623279,442929,497063,939992,47.1205074085737,52.8794925914263,"0.024901856820757757",42.0307598473457,57.9692401526543,0,0.75,10.3,6.7,1,0,0,22.6,67.5,0,0.5,5.9,3.56608087383754
"China",4970636,5764171,10734807,46.3039158505598,53.6960841494402,632550,398321,1030871,61.3607328172002,38.6392671827998,"0.12811199701310311",45.1052328097885,54.8947671902115,0,0.75,32.7,32,1,0,0,24.2,70.1,0,0.25,3.2,4.13486422575286
"Colombia",1308010,1561295,2869305,45.5863005152816,54.4136994847184,575805,566514,1142319,50.4066727420274,49.5933272579726,"2.2021393714325219",42.3451042532599,57.6548957467401,0,0.25,11.1,37.4,1,0,0.25,18.7,66.7,0,0.5,14.5,3.51667309482196
"Comoros",58787,61511,120298,48.8678116011904,51.1321883988096,6047,6457,12504,48.3605246321177,51.6394753678823,"14.10410556886179",37.5119241344481,62.4880758655519,1,0.75,39,6.4,1,1,0.5,6.1,52.6,0.25,0.5,19.6,5.90124720965376
"Congo,_Rep.",120947,118460,239407,50.519408371518,49.480591628482,220238,181904,402142,54.7662268551905,45.2337731448095,"0.20582113861911072",49.7350935768903,50.2649064231097,0.25,0.75,54.2,22.5,1,1,0.25,11.3,51.4,0.25,0.5,22.2,5.80297603645736
"Costa_Rica",63755,86660,150415,42.3860652195592,57.6139347804408,201934,215834,417768,48.3363972348289,51.6636027651711,"0.85904686765525051",41.0647095628383,58.9352904371617,0.5,0.75,3.5,36,1,0,0,35.1,64.7,0,0.5,8.4,4.72064253347338
"Cote_dIvoire",551589,562458,1114047,49.5121839563322,50.4878160436678,1411575,1137566,2549141,55.3745359711369,44.6254640288631,"0.56080225001142514",42.9067302161229,57.0932697838771,0.25,0.75,47.9,25.9,0.25,0,0.25,10.6,32.1,0.25,0.5,22.6,3.5841846482084
"Croatia",478540,511628,990168,48.3291724232655,51.6708275767345,239681,278402,518083,46.2630505150719,53.7369494849281,"6.8675083913600821",45.8009302889486,54.1990697110514,0,0.25,4.4,13,0,0,0,18.5,63.3,0.25,0.5,2,1.89721236920198
"Cyprus",106278,108386,214664,49.5090001118026,50.4909998881974,85208,106714,191922,44.3972030303978,55.6027969696022,"2.0638693288884911",45.6239072081168,54.3760927918832,0,0.25,10.5,15,0.75,0,0.5,17.9,80.7,0,0.5,3.2,2.91685011583437
"Czechia",402492,508977,911469,44.1586055038624,55.8413944961376,293245,219460,512705,57.195658322037,42.804341677963,"1.5283963206397879",44.5258082360365,55.4741917639635,0,0.75,2,21,1,0,0.5,22,77.1,0.25,0.5,0.2,4.00308916214567
"Congo_Dem_Rep.",833029,851686,1684715,49.4462861670965,50.5537138329035,463954,499879,963833,48.1363472717784,51.8636527282216,"4.0102068836357985",48.1981421320916,51.8018578679084,0.25,0.75,74.8,50.7,0.25,0,0.25,8.9,44.1,0.25,0.25,23.9,4.43063569676392
"Denmark",120724,134941,255665,47.2196037783819,52.7803962216181,357366,365512,722878,49.4365577594006,50.5634422405994,"0.41888713808899797",47.032615700416,52.967384299584,0,0.5,0,32,0.75,0,0,37.4,74.6,0,0,0.1,3.09018281290586
"Djibouti",9491,9186,18677,50.8165122878407,49.1834877121593,60654,54687,115341,52.5866777641949,47.4133222358051,"2.5725281076862947",29.0543357125235,70.9456642874765,1,0.5,63,15,0.25,0.25,0.25,10.8,58.5,0.75,0.5,2.6,4.95439349557371
"Dominican_Republic",643958,914752,1558710,41.3135220791552,58.6864779208448,365261,202387,567648,64.3463907210102,35.6536092789898,"8.3432556329114025",40.160526065108,59.839473934892,0,0.25,2,20.4,1,0,0,26.8,61.2,0,0.5,27.4,3.4096645799331
"Ecuador",557747,625997,1183744,47.117197637327,52.882802362673,197162,184345,381507,51.6797856920057,48.3202143079943,"2.9994857429601542",41.4000175978966,58.5999824021034,0.25,0.5,25.2,37.5,1,0,0.25,38,67.6,0,0.5,21.9,4.91618511124763
"Egypt,_Arab_Rep.",2295425,1252452,3547877,64.698550710749,35.301449289251,271048,233005,504053,53.7737103042736,46.2262896957264,"8.83638759136431",18.6482378611814,81.3517621388186,1,0.75,35.7,45.3,0.25,1,0.25,14.9,61,0.75,0.25,14.8,6.27408282148833
"El_Salvador",795952,804975,1600927,49.7181945210494,50.2818054789506,20269,22348,42617,47.5608325316188,52.4391674683812,"21.043580068561081",41.198406276418,58.801593723582,0.25,0.5,7.7,26.3,1,0,0.25,32.1,64.3,0.25,0.25,21,4.2316432818888
"Equatorial_Guinea",67324,58346,125670,53.5720537916766,46.4279462083234,175403,52214,227617,77.0605886203579,22.9394113796421,"0",42.0119933673044,57.9880066326956,0.25,1,52.6,56.9,1,0,0.5,20,46.9,0,0.5,23.8,5.56781948462265
"Estonia",93795,114475,208270,45.0352907283814,54.9647092716186,80616,109626,190242,42.3755006780837,57.6244993219163,"1.7435073482493124",48.5907749952164,51.4092250047836,0,0.25,16.9,20,0.75,0,0.5,26.7,75.4,0,0.5,0.5,3.12151024292196
"Eswatini",51287,45845,97132,52.8013425029856,47.1986574970144,16582,15728,32310,51.3215722686475,48.6784277313525,"2.6406030337997608",47.0888386032718,52.9111613967282,0.75,0.75,19.9,8.2,1,0.75,0.25,6.2,52.4,0.75,0.5,4,5.29458358921792
"Ethiopia",463581,408293,871874,53.1706416294098,46.8293583705902,637963,615120,1253083,50.9114719455934,49.0885280544066,"0.50006382073875488",46.5212826920858,53.4787173079142,0.25,0.5,63,28,0.25,0,0.5,38.8,66.1,0.25,0.5,22.5,4.85123105541198
"Fiji",105570,117158,222728,47.3986207391976,52.6013792608024,7576,6462,14038,53.9678016811512,46.0321983188488,"5.2277415764115833",33.5086734241556,66.4913265758444,0.25,0.75,42.6,64.1,1,0,0.5,16,73.8,0.25,0.25,8.5,5.36112923424325
"Finland",112375,177667,290042,38.7443887436992,61.2556112563008,196188,186928,383116,51.2085112602971,48.7914887397029,"0.29688353529437422",47.8524967785549,52.1475032214451,0,0.75,11.2,30,1,0,0,42,91.1,0,0.5,0.3,4.77654771505578
"France",1122781,1174163,2296944,48.8815138723452,51.1184861276548,4019290,4315585,8334875,48.2225588266171,51.7774411733829,"1.1002620999408959",48.442369384894,51.557630615106,0.25,0.25,6.6,26,0.25,0,0,39,58.5,0,0.5,2.8,2.75746124814937
"Gabon",22351,24337,46688,47.8731151473612,52.1268848526388,264758,146705,411463,64.3455183090582,35.6544816909418,"0.08296588601609807",39.4559622564601,60.5440377435399,0.25,0.75,50.2,48.6,0.75,0,0,17.1,46.9,0.25,1,15,5.30511249051471
"Gambia",77979,40506,118485,65.813394100519,34.1866058994809,113552,101854,215406,52.7153375486291,47.2846624513709,"15.208637419111684",46.9508637886258,53.0491362113742,1,0.5,58.4,20.1,0.25,0,0.5,10.3,68.4,0.75,0.5,25.5,5.40388378498451
"Georgia",425131,427695,852826,49.8496762528347,50.1503237471653,34583,44452,79035,43.7565635477953,56.2434364522047,"12.925901742262507",47.0124668879435,52.9875331120565,0.25,0.75,8.6,6.1,1,0,0.25,16,66.3,0,0.5,14.4,3.79497493929336
"Germany",1870506,2144264,4014770,46.5906141572245,53.4093858427755,6881990,6250156,13132146,52.4056768787067,47.5943231212933,"0.48170303233294681",46.6013643415403,53.3986356584597,0,0.75,19.6,22,0.25,0,0.5,30.7,55.3,0,0.25,0.4,2.76871654474284
"Ghana",510404,460310,970714,52.5802656601223,47.4197343398777,249224,217556,466780,53.3921761857835,46.6078238142165,"5.9318712063328327",47.8362334704392,52.1637665295608,0.75,0.75,28.3,24.4,0.25,0,0.5,12.7,46.8,0.25,0.5,8,3.79980832358491
"Greece",543312,496189,1039501,52.2666163861314,47.7333836138686,560208,651174,1211382,46.2453627344636,53.7546372655364,"0.3295027481269871",44.5515296474924,55.4484703525076,0.5,0.25,2,19,1,0,0.25,18.3,62.1,0,0.5,1.9,3.18704698532502
"Guatemala",595851,609860,1205711,49.4190564737321,50.5809435262679,38117,42304,80421,47.3968242125813,52.6031757874187,"13.807882863396525",32.0646615137626,67.9353384862374,0.25,0.75,11,18,1,0.75,0.25,12.7,70.2,0,0.25,21.6,4.70394617556537
"Guinea-Bissau",54776,48812,103588,52.8787118199019,47.1212881800981,12990,13926,26916,48.2612572447615,51.7387427552385,"1.1763120572332677",41.3870763261048,58.6129236738952,0.75,0.75,92.1,80,0.25,1,0,21.9,48.2,0.25,1,34.3,8.05081527442312
"Guinea-Bissau",54776,48812,103588,52.8787118199019,47.1212881800981,12990,13926,26916,48.2612572447615,51.7387427552385,"10.501612093339945",45.0596983742543,54.9403016257457,0.75,0.75,41.8,26,0.75,0,0.5,13.7,46.8,0.25,0.5,11.8,4.64598609987425
"Guyana",238880,281658,520538,45.890982022446,54.109017977554,8398,7301,15699,53.4938531116632,46.5061468883368,"7.351682081594384",40.2538505819749,59.7461494180251,0,0.75,10.2,19.5,1,0,0.25,31.9,50.9,0,0.5,0.7,3.51863865527051
"Haiti",856250,729794,1586044,53.9865224420003,46.0134775579997,10426,8330,18756,55.5875453188313,44.4124546811687,"20.466538525739541",47.8715863557461,52.1284136442539,0.25,0.75,58.9,20.8,1,1,0.25,2.5,51.3,0,1,6.7,5.58154632694252
"Honduras",328710,472028,800738,41.0508805626809,58.9491194373191,20440,18493,38933,52.5004494901497,47.4995505098503,"21.528380342442318",36.2758730745441,63.7241269254559,0,0.25,12.4,21.6,1,0,0,21.1,65.7,0,0.5,27.3,3.56753872613223
"Hungary",315888,316381,632269,49.9610134294106,50.0389865705894,253884,258159,512043,49.5825545901418,50.4174454098582,"2.983430196159357",44.8298692831379,55.1701307168621,0.5,0.75,8.7,21,1,0,0.5,10.1,71.2,0,0.5,0.7,3.99161980071053
"Iceland",20783,21405,42188,49.2628235517209,50.7371764482791,27554,24850,52404,52.5799557285703,47.4200442714297,"0.74363039051925439",45.8297697107922,54.1702302892078,0,0.25,9.9,22.4,0.75,0,0,38.1,85.8,0,0.5,0.5,3.51376366718252
"India",11444272,6069261,17513533,65.3453075401748,34.6546924598252,2640513,2514224,5154737,51.2249800523286,48.7750199476714,"2.9429822038789819",23.3574942512785,76.6425057487215,0.5,0.5,22.1,28.7,1,0,0.25,11.8,58,0.25,0.5,21.5,4.44691265334738
"Indonesia",2492075,2040973,4533048,54.9757028824755,45.0242971175245,205451,147684,353135,58.1791666076713,41.8208333923287,"1.0424802459520579",39.4659002183875,60.5340997816125,1,0.75,34.5,18.3,1,0,0.25,19.8,81.2,1,0.5,13.8,6.55954257535784
"Iraq",1039132,994657,2033789,51.0934025112733,48.9065974887267,214288,153774,368062,58.2206258728149,41.7793741271851,"0.36775139119737316",13.8463560331848,86.1536439668152,1,0.75,54.8,21.2,1,0.75,0.25,25.3,29.7,0.75,0.5,20.3,6.59132456654319
"Ireland",372450,444458,816908,45.5926493558638,54.4073506441362,414452,419112,833564,49.7204773718635,50.2795226281365,"0.14692067349964449",45.9227304680475,54.0772695319525,0,0.25,1,15,0,0,0,22.2,61.5,0,0.5,0.3,1.63064704392278
"Israel",190683,179357,370040,51.5303750945844,48.4696249054156,887768,1068578,1956346,45.3788849211745,54.6211150788255,"0.23688691910041104",47.6041004546418,52.3958995453582,0.25,0.75,1.5,20.4,1,0.5,0.25,27.5,68.8,0.75,0.5,2.5,5.22912142259872
"Italy",1645383,1433314,3078697,53.4441356197118,46.5558643802882,2908119,3365603,6273722,46.353966592718,53.646033407282,"0.51998729405761712",42.7511103957436,57.2488896042564,0,0.75,5.3,19,0.25,0,0,31,59.2,0,0.5,0.2,2.82435420753033
"Jamaica",473877,637682,1111559,42.6317451435326,57.3682548564674,11920,11548,23468,50.7925686040566,49.2074313959434,"16.187098476382321",45.3279344931157,54.6720655068843,0,0.75,4.9,19.7,1,0,0.5,17.5,66.6,0,0.75,3.8,3.78336378318967
"Japan",378889,460068,838957,45.1619093708021,54.8380906291979,1208168,1290723,2498891,48.3481672469908,51.6518327530092,"0.085661735928472718",44.4404792669486,55.5595207330514,0,0.75,8.9,15.4,1,0,0.5,10.1,66.1,0,0.5,0.6,3.28587621030348
"Jordan",500347,284081,784428,63.7849490329259,36.2150509670741,1685358,1661345,3346703,50.3587560652977,49.6412439347023,"10.340347603546531",16.51910409376,83.48089590624,1,0.75,18,23.6,1,0.75,0.25,15.4,75.9,0.75,0.5,11.3,6.63046285446605
"Kazakhstan",1865459,2140177,4005636,46.5708566629619,53.4291433370381,1836893,1868663,3705556,49.5713193917458,50.4286806082542,"0.27857314280511569",50.2328132812447,49.7671867187553,0,0.75,14.2,16.5,1,0,0.5,27.1,66.1,0.25,0.5,6.5,4.12797832204443
"Kenya",247290,278253,525543,47.0541896666876,52.9458103333124,522321,522533,1044854,49.9898550419484,50.0101449580516,"2.8274559777795827",49.4308433332894,50.5691566667106,0.75,0.5,41.8,39.4,0.25,0,0.25,21.8,58.2,0.25,0.25,13.2,4.2306154867611
"Kuwait",124825,80616,205441,60.7595368013201,39.2404631986799,2013803,1021042,3034845,66.3560412475761,33.6439587524239,"0.018870033826468659",24.2717732014407,75.7282267985593,1,0.75,37,27.7,1,1,0.5,3.1,46.9,0.75,0.75,5.6,6.50457127797696
"Kyrgyz_Republic",362029,392952,754981,47.9520676679281,52.0479323320719,80945,119315,200260,40.4199540597224,59.5800459402776,"27.172811401797048",39.319370193782,60.680629806218,0.25,0.75,32.8,25.4,1,0,0,19.2,69,0,0.5,13.9,4.62286166701945
"Lao_PDR",596250,750841,1347091,44.2620431730299,55.7379568269701,31099,17176,48275,64.4205075090627,35.5794924909373,"1.5822183206590992",46.7574384383042,53.2425615616958,0.25,0.25,58.2,15.3,1,0,0.5,27.5,65.4,0.75,0.25,19.8,4.91535484013954
"Latvia",148961,183282,332243,44.8349551382572,55.1650448617428,93396,143870,237266,39.3634149014187,60.6365850985813,"3.3269657966926638",49.8458843849735,50.1541156150265,0,0.75,2,32,1,0,0.5,16,75.4,0,0.5,0.7,3.78583240094256
"Lebanon",499630,344873,844503,59.1626080665196,40.8373919334804,895875,967998,1863873,48.065238350467,51.934761649533,"14.187483000262132",31.3859296732971,68.6140703267029,0.75,0.75,43.6,10.4,1,1,0.5,3.1,56.1,0.75,0.75,3.4,6.21247132784538
"Lesotho",176043,165538,341581,51.537702623975,48.462297376025,3751,3177,6928,54.1426096997691,45.8573903002309,"22.156118574292407",45.3166623836582,54.6833376163418,0.5,0.75,37.1,62,1,0.75,0.25,22.1,63.2,0,0.5,18.3,6.35353407369407
"Liberia",109448,109900,219348,49.8969673760417,50.1030326239583,53857,40591,94448,57.0229120786041,42.9770879213959,"10.430306562088434",47.9135636575573,52.0864363424427,0.5,0.75,42.5,38.5,1,0.75,0.25,9.9,66.8,0.75,0.5,15.7,6.55333386331671
"Libya",98609,82002,180611,54.5974497677329,45.4025502322671,582673,235543,818216,71.2126137841352,28.7873862158648,"0",35.6713954255267,64.3286045744733,0.25,0.75,25.1,26.3,1,0.75,0.25,16,35.2,0.75,0.5,0.9,4.96039904415057
"Lithuania",273752,336490,610242,44.8595802976524,55.1404197023476,49293,67925,117218,42.0524151580815,57.9475848419185,"2.3815604521027804",49.8131972055848,50.1868027944152,0,0.5,2,24,1,0,0.5,21.3,59.7,0,0.5,0,3.07832216698631
"Luxembourg",37164,38308,75472,49.2421030315879,50.7578969684121,148670,143053,291723,50.9627283416117,49.0372716583883,"3.0064245984744575",45.9234698563199,54.0765301436801,0,0.75,2,22,1,0,0,28.3,56,0,0.5,1.1,3.47010822903498
"Madagascar",71206,113570,184776,38.5363900073603,61.4636099926397,19897,15037,34934,56.9559741226312,43.0440258773688,"2.8903644164514559",48.7216401627304,51.2783598372696,0.25,0.5,45.2,30,1,0.75,0.5,19.2,64.4,0.75,0.5,39.9,6.52664591461751
"Malawi",200448,124095,324543,61.7631561919376,38.2368438080624,117932,129720,247652,47.6200474859884,52.3799525140116,"2.5478793485332969",49.4872395857954,50.5127604142046,0.5,0.5,16.3,37.5,1,1,0.25,16.7,69.5,0.25,0.25,26.9,5.72285623944054
"Malaysia",733326,955989,1689315,43.4096660480727,56.5903339519273,2097159,1333221,3430380,61.1348888461337,38.8651111538663,"0.43742127691083088",38.7451284948099,61.2548715051901,0.5,0.75,41.5,10.4,1,1,0.5,10.4,66.8,0.75,1,6.1,6.62022723148705
"Maldives",1420,1633,3053,46.5116279069767,53.4883720930233,60709,8540,69249,87.6676919522304,12.3323080477696,"0.0789519316573323",26.7327206395407,73.2672793604593,1,0.75,30.8,19.5,1,0.5,0.25,5.9,66.1,0.75,0.5,5.4,5.97592767341171
"Mali",719864,544845,1264709,56.9193387569789,43.0806612430211,237428,230802,468230,50.7075582512868,49.2924417487132,"5.6231875638270168",41.6000772726114,58.3999227273886,0.5,0.75,72.6,34.6,1,0,0.25,8.8,47.6,0.75,1,44,6.88057963719452
"Malta",54259,56907,111166,48.8089883597503,51.1910116402497,45986,38963,84949,54.133656664587,45.866343335413,"1.6833829783651451",40.0953413763499,59.9046586236501,0,0.25,0,15,0,0,0.5,11.9,74,0,0.75,0.5,1.91939486920284
"Mauritania",79112,49397,128509,61.5614470581827,38.4385529418173,97766,75221,172987,56.5163856243533,43.4836143756467,"0.79913097247583209",33.5073842891559,66.4926157108441,1,0.75,26.6,78,0.75,1,0.25,25.2,44,0.75,0.5,29.3,7.60594191213576
"Mauritius",85194,103212,188406,45.2183051495175,54.7816948504825,15979,12870,28849,55.3884016777011,44.6115983222989,"2.206316556619913",39.4983456147838,60.5016543852162,0.5,0.5,86.2,38,1,0,0.25,11.6,64.7,0.75,0.5,7.3,5.96434601605269
"Mexico",6277778,5518713,11796491,53.2173338664862,46.7826661335138,531912,528795,1060707,50.1469303021475,49.8530696978525,"3.07497461292527",38.3312033091978,61.6687966908022,0.25,0.5,5,14.1,1,0,0.25,42.6,65.7,0.25,0.75,19,4.69465460965215
"Mongolia",35153,38341,73494,47.831115465208,52.168884534792,14114,7014,21128,66.8023475956077,33.1976524043923,"3.9484460452226449",45.2277180099957,54.7722819900043,0,0.25,10.1,31.2,1,0,0.25,17.1,65.4,0.25,0.5,5.3,3.38945677217467
"Montenegro",71753,81263,153016,46.8924818319653,53.1075181680347,27982,42985,70967,39.4295940366649,60.5704059633351,"10.543302866205986",45.2583137018572,54.7416862981428,0.25,0.25,2.7,13,1,0,0.25,23.5,58.2,0,0.5,2.4,2.88296566941543
"Morocco",1647038,1489302,3136340,52.5146508350498,47.4853491649502,49479,49095,98574,50.1947775275428,49.8052224724572,"5.4006992248977861",25.3029253165834,74.6970746834166,1,0.75,22,30,1,1,0.25,20.5,70.6,0.75,0.5,11.3,7.0503663394687
"Mozambique",653071,360350,1013421,64.4422209525952,35.5577790474048,161731,172934,334665,48.3262366844456,51.6737633155544,"1.9465030887027608",51.5305440549225,48.4694559450775,0.25,0.75,22.9,21.7,0.75,0.75,0.5,39.6,49.3,0,0.5,41,5.49706869061167
"Myanmar",2324597,1374907,3699504,62.8353692819362,37.1646307180638,41652,34346,75998,54.8067054396168,45.1932945603832,"3.7165546764478643",38.7964610566503,61.2035389433497,0.25,0.75,51.2,33,1,0.5,0.5,10.2,68.5,0.75,0.5,12.9,6.07977570694281
"Namibia",91117,104402,195519,46.6026319692715,53.3973680307285,57938,49623,107561,53.865248556633,46.134751443367,"0.52299388647984457",49.456720512039,50.543279487961,0.25,0.25,28.2,25,1,0.25,0.25,41.3,72.3,0.25,0.5,5.9,4.75011085052711
"Nepal",1399285,886135,2285420,61.2266016749657,38.7733983250343,148487,342315,490802,30.2539516953884,69.7460483046116,"24.116362862595764",38.1096494329839,61.8903505670161,0.25,0.25,42.9,25,1,0.75,0.25,32.7,71.5,0.25,0.5,24.5,5.67964896550379
"Netherlands",496339,484758,981097,50.5902066768118,49.4097933231882,1103004,1179787,2282791,48.3182209847507,51.6817790152493,"0.24545050119843195",46.7398190219716,53.2601809780284,0,0.75,6.4,25,0.25,0,0.5,36,80.6,0,0.25,0.1,3.25629285091137
"New_Zealand",398413,389302,787715,50.5783183004005,49.4216816995995,516814,551925,1068739,48.357363210288,51.642636789712,"0.22204915081376228",47.5563261900688,52.4436738099312,0,0.75,7.7,35,0,0,0.5,38.3,79.2,0,0.5,0.8,3.48167819780398
"Nicaragua",320782,372362,693144,46.2792724166984,53.7207275833016,21704,20468,42172,51.4654272977331,48.5345727022669,"13.387701242983349",37.9842643362177,62.0157356637823,0,0.25,13.7,22.5,1,0,0,45.7,60.5,0,0.5,30.4,4.0834561516873
"Nigeria",776073,696974,1473047,52.6848769930627,47.3151230069373,689321,567087,1256408,54.8644230218209,45.1355769781791,"2.3896795595633393",41.748637673111,58.251362326889,1,0.75,59.6,29.8,0.25,0,0.25,17,46.6,0.75,0.5,61.9,6.3712807541582
"Nigeria",776073,696974,1473047,52.6848769930627,47.3151230069373,689321,567087,1256408,54.8644230218209,45.1355769781791,"5.3131483961683914",43.9036270865865,56.0963729134135,0.75,0.75,34.7,16.2,0.5,0.75,0.5,5.6,47.9,0.25,0.5,30.4,5.11307776358656
"Norway",88557,116820,205377,43.1192392526914,56.8807607473086,451599,416166,867765,52.041624172443,47.958375827557,"0.15205711950531486",47.1552545550048,52.8447454449952,0,0.25,9.9,27,0.25,0,0.5,41.4,81.6,0,0.5,0.1,3.06469009563483
"Oman",12068,10393,22461,53.7286852767018,46.2713147232982,1911526,374700,2286226,83.6105441894196,16.3894558105804,"0.044300844078749166",14.2737137516291,85.7262862483709,1,0.75,7.9,13.5,1,1,0.75,1.2,55.8,0.75,0.5,4.2,5.66938528128159
"Pakistan",4234386,2275598,6509984,65.044491660809,34.955508339191,1714663,1543315,3257978,52.6296678491997,47.3703321508003,"6.9340423847893451",22.5936538214665,77.4063461785335,1,0.5,42.2,85,1,0.75,0.25,20.6,52.4,0.75,1,13.4,7.88521471881069
"Papua_New_Guinea",2336,2417,4753,49.1479065853145,50.8520934146855,18944,12268,31212,60.6946046392413,39.3053953607587,"1.1763120572332677",41.3870763261048,58.6129236738952,0.75,0.75,92.1,80,0.25,1,0,21.9,48.2,0.25,1,34.3,8.05081527442312
"Papua_New_Guinea",2336,2417,4753,49.1479065853145,50.8520934146855,18944,12268,31212,60.6946046392413,39.3053953607587,"0.11857080908074",47.6285444498989,52.3714555501011,0.5,0.75,30.8,24,1,0,0.25,0,70.2,0.25,1,13.2,5.17441501660351
"Paraguay",374733,501905,876638,42.7466069232682,57.2533930767318,83412,77107,160519,51.9639419632567,48.0360580367433,"1.7560562722308517",41.731763983671,58.268236016329,0.5,0.5,22.9,17.9,1,0.5,0,13.8,61.4,0,0.5,13.2,4.46464308745393
"Peru",648219,895993,1544212,41.9773321279721,58.0226678720279,424317,357852,782169,54.248762096171,45.751237903829,"1.4566705972231777",46.1284202883485,53.8715797116515,0.25,0.75,32.2,33.2,1,0,0,27.7,65.1,0,0.5,12.9,4.82353875987889
"Philippines",2754933,3241228,5996161,45.9449471086584,54.0550528913416,113239,105291,218530,51.8185146204182,48.1814853795818,"9.3326165959000686",38.8203981268704,61.1796018731296,0.5,0.75,12.9,16.9,0.25,0.75,0,29.5,61,0.25,0.5,4.8,4.52063621341099
"Poland",2212963,2358593,4571556,48.4072162738464,51.5927837261536,289754,366231,655985,44.1708270768386,55.8291729231614,"1.1849585753413165",44.8180788775464,55.1819211224536,0,0.75,7.9,13,1,0,0,28,66.2,0,0.5,1.2,3.62342808782006
"Portugal",1105701,1050091,2155792,51.2897812033814,48.7102187966186,411750,476412,888162,46.3597857147683,53.6402142852317,"0.25734814843357612",49.37367711374,50.62632288626,0,0.25,2,19,0.25,0,0,34.8,73.8,0,0.5,0.7,2.50568453752337
"Qatar",13243,13069,26312,50.3306476132563,49.6693523867437,1845678,384010,2229688,82.7774110099709,17.2225889900291,"0.32794380290498348",15.5130828773885,84.4869171226115,1,0.75,6.6,38.5,1,1,0.5,9.8,63.2,0.75,1,3.6,6.90522172615164
"Korea,_Rep.",1148330,1159039,2307369,49.7679391549423,50.2320608450577,652746,510909,1163655,56.0944609871483,43.9055390128517,"0.43393487272084086",42.4640401943404,57.5359598056596,0,0.25,18.4,16.5,1,0.25,0.25,17,51.3,0,0.5,0.2,2.85970875627952
"Republic_of_Moldova",481699,547827,1029526,46.7884249644982,53.2115750355018,42839,61874,104713,40.9108706655334,59.0891293344666,"15.954013517755577",48.0925326018259,51.9074673981741,0,0.25,11.2,45.5,1,0,0,22.8,57.8,0,0.5,11.5,3.48945428187949
"Romania",1710646,1939650,3650296,46.8632132846213,53.1367867153787,248851,213701,462552,53.7995728047874,46.2004271952126,"3.24358723786949",43.143294650033,56.856705349967,0,0.25,7.5,24,1,0,0.5,20.7,68.1,0,0.5,6.8,3.14145523921168
"Russian_Federation",4603318,5971887,10575205,43.5293500220563,56.4706499779437,5713879,5926680,11640559,49.0859502537636,50.9140497462364,"0.61617118456905184",48.4680779323259,51.5319220676741,0,1,23.3,19.6,1,0,0.5,15.8,76.7,0.25,0.5,7.9,4.67450152192542
"Rwanda",243927,255286,499213,48.8623092747985,51.1376907252015,269917,270015,539932,49.9909247831208,50.0090752168792,"2.5174011108645851",45.7968085218346,54.2031914781654,0.25,0.5,41.4,34.4,1,0,0.25,61.3,77.2,0.75,0.25,4,5.94594937566689
"Samoa",61096,63170,124266,49.1654998149132,50.8345001850868,2038,1997,4035,50.5080545229244,49.4919454770756,"17.00155923998501",37.6141608909843,62.3858391090157,0.25,0.75,36.5,46.1,1,0,0.25,10,65.7,0.25,1,7.6,5.38973585714516
"Sao_Tome_and_Principe",17382,19631,37013,46.9618782589901,53.0381217410099,1085,1089,2174,49.9080036798528,50.0919963201472,"2.6003224754601395",35.155312234681,64.844687765319,0,0.5,19.1,27.9,1,0,0.5,18.2,74,0.25,0.5,18.7,4.30270803981017
"Saudi_Arabia",166096,137808,303904,54.6541012951458,45.3458987048542,9001182,4121156,13122338,68.5943465257487,31.4056534742513,"0.041565775603135104",16.5769626497775,83.4230373502225,1,0.75,50.2,16.2,1,1,0.25,19.9,68.1,0.75,0.75,5.8,7.33157300488186
"Senegal",401227,249255,650482,61.6814915708659,38.3185084291341,145996,129243,275239,53.0433550477948,46.9566449522052,"0.59089065919476524",38.5893012737861,61.4106987262139,0.5,0.5,56.5,78,0.25,0,0,41.8,55.4,0,1,25,5.99010497594552
"Serbia",470672,493998,964670,48.7909855183638,51.2090144816362,361216,459096,820312,44.0339773159481,55.9660226840519,"8.2267104206495834",45.0852508014706,54.9147491985294,0.25,0.25,3.8,23.7,1,0,0.25,34.4,73.2,0.25,0.5,3.5,3.91003202731938
"Sierra_Leone",76957,78020,154977,49.657045884228,50.342954115772,30724,23608,54332,56.5486269601708,43.4513730398292,"4.3539728313512205",48.0819605938789,51.9180394061211,0.5,0.5,62.8,45.3,1,0.75,0.25,12.4,55.6,0.25,0.5,19,6.03933545558041
"Singapore",167642,184594,352236,47.593658796943,52.406341203057,950192,1205461,2155653,44.0790795179001,55.9209204820999,"0",42.1754183840353,57.8245816159647,0.25,0.5,40.5,6.1,1,1,0.5,23,60.7,0,0.5,0.4,4.70695866028762
"Slovak_Republic",166174,191625,357799,46.4433941961828,53.5566058038172,96010,91974,187984,51.0734956166482,48.9265043833518,"2.4069971669189703",45.2354898811061,54.7645101188939,0,0.25,5,23,1,0,0.5,20,67.3,0.25,0.75,1.1,3.43442380988351
"Slovenia",66342,77463,143805,46.1333055178888,53.8666944821112,142626,110496,253122,56.3467418873113,43.6532581126887,"1.2200323930399202",45.9569164238512,54.0430835761488,0,0.25,15.8,13,1,0,0,36.7,78.5,0,0.5,0.2,3.50649498971252
"Solomon_Islands",2058,2176,4234,48.606518658479,51.393481341521,1421,1111,2532,56.1216429699842,43.8783570300158,"1.57329789914917",48.4168649003363,51.5831350996637,0.25,0.5,76.7,63.5,1,1,0.5,2,32.1,0.25,0.75,10.2,5.91389563169153
"Somalia",1067138,1000959,2068097,51.5999974856112,48.4000025143888,27184,24947,52131,52.1455563867948,47.8544436132052,"24.317656129529684",31.2250377145672,68.7749622854328,0.5,0.5,75.7,85,0.75,1,0.25,24.4,66.8,0.75,0.5,28,8.10988544512748
"South_Sudan",1281486,1303732,2585218,49.5697461490675,50.4302538509325,441677,423875,865552,51.0283610921123,48.9716389078877,"1.6151772190482667",30.1220401019608,69.8779598980392,1,0.75,34,29.8,0.25,0.75,0.25,30.5,46.9,0.75,0.75,21.2,6.40180477896394
"Spain",648799,760148,1408947,46.048502889037,53.951497110963,2913747,3190456,6104203,47.7334551291954,52.2665448708046,"0.2299935821884608",46.6122112380951,53.3877887619049,0.25,0.5,9.6,13,0.25,0,0,39.1,58.4,0,0.5,4,2.94329974048511
"Sri_Lanka",1107793,802677,1910470,57.9853648578622,42.0146351421378,20909,19109,40018,52.2489879554201,47.7510120445799,"7.5815342835062305",34.3376879277589,65.6623120722411,1,0.5,53.2,16.6,1,0,0.25,5.8,68.1,0.25,0.5,10.6,5.09340612479616
"Sudan",1125738,915045,2040783,55.1620627964855,44.8379372035145,607151,615941,1223092,49.6406648068992,50.3593351931008,"1.6151772190482667",30.1220401019608,69.8779598980392,1,0.75,34,29.8,0.25,0.75,0.25,30.5,46.9,0.75,0.75,21.2,6.40180477896394
"Sweden",160117,199655,359772,44.5051310274285,55.4948689725715,1008536,996674,2005210,50.295779494417,49.704220505583,"0.62174151004553591",47.4490270907433,52.5509729092567,0,0.25,10.2,28,0,0,0.5,43.6,74.3,0,0,0.3,2.22832190629048
"Switzerland",322973,376677,699650,46.1620810405203,53.8379189594797,1265343,1306686,2572029,49.1962959982177,50.8037040017823,"0.35339882429196612",46.8071251573625,53.1928748426375,0,0.75,15.2,9.8,0.25,0,0,32.5,55.6,0,0,0.4,2.28165153362319
"Syrian_Arab_Republic",4861046,3413822,8274868,58.7446953836605,41.2553046163395,444710,423138,867848,51.24284436906,48.75715563094,"0",18.7082533336262,81.2917466663738,1,0.75,34.5,16.2,1,0.75,0.5,13.2,62,0.75,1,9.8,6.89506683184281
"Tajikistan",333952,245197,579149,57.6625358931812,42.3374641068188,118207,155864,274071,43.1300648372137,56.8699351627863,"27.971868749468964",37.9348810492241,62.0651189507759,0.25,0.75,59.6,20.3,1,0,0.5,19,62.6,0.25,0.5,14.3,5.08320375372717
"Thailand",340550,639426,979976,34.75085104125,65.24914895875,1825505,1809580,3635085,50.2190457719696,49.7809542280304,"1.5001740014106524",45.695962765287,54.304037234713,0,0.75,8.6,44.2,1,1,0.25,4.8,71.8,0.25,0.75,17.1,5.63683906922663
"Timor-Leste",21660,17542,39202,55.2522830467833,44.7477169532167,5086,3331,8417,60.4253296899133,39.5746703100867,"4.9485866801952589",45.1472419231372,54.8527580768628,0.25,0.5,86.2,58.8,1,0,0.25,32.3,67.3,0.75,0.75,8,6.83139302616695
"Togo",264960,265889,530849,49.9124986578104,50.0875013421896,141286,137856,279142,50.614382643959,49.385617356041,"7.0351107468359748",48.2750192768868,51.7249807231132,0.25,0.75,28.7,22.1,0.25,1,0.25,17.6,42.4,0.75,0.5,13.8,4.90435890630668
"Trinidad_and_Tobago",165908,234106,400014,41.4755483558075,58.5244516441925,29114,30135,59249,49.138382082398,50.861617917602,"0.60384310218008685",42.9055016386084,57.0944983613916,0,0.75,9.9,30.2,0.75,0,0.5,31,64.1,0,0.25,2.2,3.48917945471867
"Tunisia",466817,364817,831634,56.1325054050219,43.8674945949781,29744,27711,57455,51.7692106866243,48.2307893133757,"4.8910839354973366",28.9234516895055,71.0765483104945,1,0.5,18.6,20.3,1,1,0.25,31.3,62.2,0.75,0.5,3.8,6.38877131110164
"Turkiye",1803961,1648546,3452507,52.2507557551657,47.7492442448343,3258212,2618617,5876829,55.4416676067995,44.5583323932005,"0.11158814010267033",32.4672770351965,67.5327229648036,0.25,0.25,13.3,38,1,0,0.5,14.6,54.6,0,0.5,6.7,3.30366717414909
"Turkmenistan",116444,126419,242863,47.9463730580615,52.0536269419385,92240,102887,195127,47.2717768427742,52.7282231572258,"0.0044217042511528011",52.5686744850327,47.4313255149673,0.25,0.75,26.3,26,0,0,0.5,25.8,49.3,0,0.25,6.2,2.83381933535882
"Uganda",365691,382798,748489,48.8572310347914,51.1427689652086,836620,897546,1734166,48.2433630921146,51.7566369078854,"4.0293786085744863",49.4305296917732,50.5694703082268,0.5,0.75,58.3,49.9,0.5,0,0.25,34.3,62.7,0.25,0.5,22.8,5.82395088958989
"Ukraine",2694012,3284771,5978783,45.0595380364198,54.9404619635802,2135064,2829229,4964293,43.0084203329658,56.9915796670342,"10.259743990618523",47.7724753692397,52.2275246307603,0,0.75,2.9,13.2,1,0,0.25,12.3,73.6,0.25,0.5,7.2,3.74967271363299
"United_Kingdom",2395016,2334072,4729088,50.6443525686137,49.3556474313863,4581996,4970114,9552110,47.968417449129,52.031582550871,"0.14752289882385308",47.196688649263,52.803311350737,0.25,0.75,10.2,29,0,0,0,32,55.8,0,0.5,3,3.08104819287875
"United_Republic_of_Tanzania",160024,162810,322834,49.5685088931154,50.4314911068846,251424,257742,509166,49.3795736557429,50.6204263442571,"0.70906441109181628",49.2859725425234,50.7140274574766,1,0.75,58,41.7,0.5,0.75,0.25,37.2,62.4,0.25,1,25.3,7.54652542857119
"United_States_Virgin_Islands",2285,1815,4100,55.7317073170732,44.2682926829268,26740,30005,56745,47.123094545775,52.876905454225,"0.032968560278854496",46.1487830563481,53.8512169436519,0,0.5,11,35.6,0,0,0.5,19.4,72.4,0,0.75,2.1,2.94018373673415
"Uruguay",174505,196664,371169,47.0149716167029,52.9850283832971,36988,44494,81482,45.3940747649788,54.6059252350212,"0.18335717723467837",46.1924927627507,53.8075072372493,0,0.75,1.5,14.8,1,0,0.25,20.2,68.4,0.25,0.75,12,4.16545401696549
"Uzbekistan",1024600,961627,1986227,51.5852417674314,48.4147582325686,545048,623336,1168384,46.649731595092,53.350268404908,"14.26497230170764",63.9318908200538,36.0681091799462,0.25,0.75,41.5,27.9,1,0,0.25,16,74.2,0,1,5,5.16152522773233
"Vietnam",1394062,1463376,2857438,48.7871302894411,51.2128697105589,44087,32017,76104,57.9299379796069,42.0700620203931,"5.0842602877828522",48.067055677003,51.932944322997,0.25,0.75,28.2,34.4,1,0,0,26.7,69,0,0.25,10.3,4.53591313249
"Zambia",149898,167546,317444,47.2202971232721,52.7797028767279,86098,84151,170249,50.5718095260471,49.4281904739529,"0.42155614268940239",44.8720151289101,55.1279848710899,0.5,0.5,46.9,42.7,0.75,0,0.5,18,62.4,0.75,0.5,18.6,5.49708829651647
